time,open,high,low,close
2013/1/4,2565,2567.4,2503.2,2533.2
2013/1/7,2537.8,2554.4,2523.2,2533.2
2013/1/8,2537,2548.8,2506.6,2531.2
2013/1/9,2531.6,2543.8,2509,2525.4
2013/1/10,2529.4,2562.2,2512.6,2537.8
2013/1/11,2542,2547.8,2481.8,2498.6
2013/1/14,2497.2,2598.2,2489.8,2586.6
2013/1/15,2587.8,2608.6,2583,2596.4
2013/1/16,2597.4,2602.8,2528,2570
2013/1/17,2583.8,2593,2548.6,2576.8
2013/1/18,2580.4,2628,2565.2,2610.4
2013/1/21,2614,2621,2587,2608.2
2013/1/22,2610.8,2616.8,2579.2,2602.6
2013/1/23,2604,2616.2,2582.4,2615.6
2013/1/24,2614.8,2673.6,2572.8,2590.6
2013/1/25,2598,2601.2,2581.6,2592.8
2013/1/28,2593,2660.6,2590.4,2654.4
2013/1/29,2656,2687.4,2653.6,2671
2013/1/30,2681,2700.4,2661.2,2699
2013/1/31,2699,2703.6,2676.6,2699.8
2013/2/1,2695.2,2753.8,2675.2,2746.4
2013/2/4,2751,2768.4,2739.2,2749.4
2013/2/5,2753.2,2809.2,2752.2,2788.2
2013/2/6,2796,2814.4,2791.8,2802.4
2013/2/7,2798,2808.4,2756.8,2800.4
2013/2/8,2801,2830.2,2778.8,2784.2
2013/2/18,2792,2800.8,2738,2752.4
2013/2/19,2753.2,2756.8,2696.8,2709.2
2013/2/20,2713.2,2717.4,2696,2710.4
2013/2/21,2697,2697.8,2590.4,2615.2
2013/2/22,2615.2,2625.4,2593.2,2593.2
2013/2/25,2587.8,2642,2584,2605
2013/2/26,2591.2,2638.8,2560,2564.6
2013/2/27,2581,2622,2572.2,2587.6
2013/2/28,2605,2685,2597.4,2678.4
2013/3/1,2671.4,2683,2622.4,2666.6
2013/3/4,2651.4,2653,2537.4,2548
2013/3/5,2553,2628,2549.6,2616
2013/3/6,2627.8,2664,2621,2648
2013/3/7,2653,2659.4,2588.2,2615.6
2013/3/8,2623,2637.8,2602,2611.6
2013/3/11,2615.4,2619.2,2569,2592.6
2013/3/12,2596,2624,2526.2,2552.8
2013/3/13,2550,2555.4,2510,2529
2013/3/14,2528,2557.6,2507.6,2529
2013/3/15,2534.6,2615.8,2503.4,2533.4
2013/3/18,2505.2,2555,2501,2510.8
2013/3/19,2520,2544,2497,2529.8
2013/3/20,2529,2613.2,2525.8,2610
2013/3/21,2621,2633,2604,2617
2013/3/22,2613.2,2634.8,2607.6,2625.8
2013/3/25,2630.2,2652.8,2609,2622.6
2013/3/26,2617,2617.4,2553,2572.4
2013/3/27,2578.8,2617.8,2562,2573.6
2013/3/28,2566,2566.8,2492.6,2506.8
2013/3/29,2501.4,2515.4,2482,2483.8
2013/4/1,2481.2,2512.2,2471.2,2483.2
2013/4/2,2490,2529,2467,2505.8
2013/4/3,2502.2,2515,2474.4,2478.6
2013/4/8,2450,2478,2435.2,2463.8
2013/4/9,2473,2511.6,2471,2480.6
2013/4/10,2485.6,2491.2,2464,2481
2013/4/11,2493.8,2512,2465.4,2472.4
2013/4/12,2474.4,2482,2454,2461.8
2013/4/15,2442.8,2463.8,2422.6,2441.2
2013/4/16,2426.4,2457.6,2417.2,2450
2013/4/17,2457,2459.6,2428.2,2454
2013/4/18,2430,2480,2421.6,2456.2
2013/4/19,2462,2547.4,2461,2535.2
2013/4/22,2526.8,2543,2521,2531.8
2013/4/23,2534.8,2540.8,2440.8,2448.4
2013/4/24,2459.6,2514.4,2443.6,2492.6
2013/4/25,2488.2,2507.8,2450.4,2460.8
2013/4/26,2469.8,2490,2430.6,2439.8
2013/5/2,2426,2446.6,2415,2439.4
2013/5/3,2451.6,2521.2,2447.2,2486.6
2013/5/6,2503.8,2527.8,2492.4,2509.2
2013/5/7,2509,2531.6,2495,2525
2013/5/8,2533.6,2563,2525.6,2542.8
2013/5/9,2538,2542,2502.2,2520.8
2013/5/10,2509,2535.8,2498.4,2535.4
2013/5/13,2533,2538.6,2502,2507.4
2013/5/14,2510,2515.6,2455.6,2472.2
2013/5/15,2480,2488,2466.6,2471
2013/5/16,2474.4,2529,2453,2525
2013/5/17,2525,2585.6,2519.2,2572.6
2013/5/20,2579.2,2617,2574.4,2593.8
2013/5/21,2593.6,2607,2582.4,2599.6
2013/5/22,2602,2616.8,2590.6,2602
2013/5/23,2589.6,2613.8,2562,2570.8
2013/5/24,2583.8,2605,2558.8,2588
2013/5/27,2578,2602,2572,2573.6
2013/5/28,2573.6,2634.8,2565.8,2633.2
2013/5/29,2638,2656,2623,2627.2
2013/5/30,2625.6,2637.2,2612,2625
2013/5/31,2633.6,2639.4,2588,2600
2013/6/3,2604.4,2620,2589,2597
2013/6/4,2597,2599.8,2550.2,2562.6
2013/6/5,2564.6,2567.4,2544.2,2553.8
2013/6/6,2548,2559,2530.4,2534.8
2013/6/7,2536.2,2539.6,2467,2476.4
2013/6/13,2459.4,2459.8,2365.2,2383.6
2013/6/14,2394,2409,2386.2,2395.6
2013/6/17,2406.4,2421,2385.8,2396.2
2013/6/18,2406,2414.2,2365.2,2405.2
2013/6/19,2392.4,2392.8,2336.6,2377.8
2013/6/20,2365,2368,2306.8,2316.8
2013/6/21,2291,2315,2263.2,2296.4
2013/6/24,2290.2,2291.4,2131,2133
2013/6/25,2129.8,2147.8,1996,2112.8
2013/6/26,2125,2151,2093.6,2122.4
2013/6/27,2134.6,2180,2095,2119
2013/6/28,2116,2217.8,2098,2168.6
2013/7/1,2158,2173.8,2106.8,2163.4
2013/7/2,2170,2173.4,2133,2161.4
2013/7/3,2150.4,2162.6,2109.6,2146
2013/7/4,2140.6,2203,2122.2,2171
2013/7/5,2180,2205,2170.2,2173.6
2013/7/8,2145,2165,2104,2128.8
2013/7/9,2135,2144,2122.8,2127.2
2013/7/10,2117,2207,2112,2204
2013/7/11,2215,2360.8,2211,2321
2013/7/12,2318,2325.6,2255,2277
2013/7/15,2297.6,2342,2266,2291.4
2013/7/16,2287.6,2311.8,2261.2,2305
2013/7/17,2295.4,2325.8,2275.6,2282.4
2013/7/18,2265.2,2268.8,2213,2229.6
2013/7/19,2236.2,2244.4,2148.8,2155
2013/7/22,2140,2181.4,2124,2168
2013/7/23,2171.6,2269.2,2171.6,2243
2013/7/24,2228.6,2242.8,2171.2,2232.4
2013/7/25,2227.8,2259.8,2191,2209.8
2013/7/26,2200.8,2218.2,2171.6,2192
2013/7/29,2169,2169.8,2126.4,2163.6
2013/7/30,2158,2212,2144.2,2168.2
2013/7/31,2179.8,2224,2162,2165
2013/8/1,2174,2246,2173.6,2244.2
2013/8/2,2254.8,2271.6,2229.2,2240
2013/8/5,2244.8,2274.4,2228.8,2265.8
2013/8/6,2261.6,2299,2241.8,2278.8
2013/8/7,2272.4,2310,2256.2,2258.4
2013/8/8,2270,2296,2254.8,2265.4
2013/8/9,2272,2297.8,2235.4,2288.2
2013/8/12,2294.6,2358.8,2289.4,2348.4
2013/8/13,2359.6,2362,2338.4,2354.6
2013/8/14,2363,2394.8,2342.6,2353.4
2013/8/15,2360,2369.4,2318,2329.6
2013/8/16,2319.8,2408,2283,2286.2
2013/8/19,2283,2348,2275.8,2329.4
2013/8/20,2325,2358,2298.8,2308.6
2013/8/21,2321,2329.6,2288.8,2314
2013/8/22,2299.8,2336,2297,2309
2013/8/23,2323,2328.6,2243.6,2279.2
2013/8/26,2300.2,2344,2285.2,2340
2013/8/27,2340,2347,2318.6,2338.4
2013/8/28,2329.8,2347.8,2288.8,2322.8
2013/8/29,2333.6,2343.8,2295.6,2314.8
2013/8/30,2310.2,2328,2290.4,2302.2
2013/9/2,2316,2329.2,2291.8,2329.2
2013/9/3,2334.2,2354,2320.8,2349
2013/9/4,2349,2352,2339.4,2342.6
2013/9/5,2349,2349.8,2329.2,2341.8
2013/9/6,2334.2,2359,2330.6,2355.2
2013/9/9,2363,2447.6,2361.4,2434.8
2013/9/10,2437.6,2475.8,2433.4,2472.6
2013/9/11,2479,2497.6,2467.6,2480.8
2013/9/12,2480.8,2525,2471,2503.4
2013/9/13,2499.2,2512.8,2482,2497.2
2013/9/16,2505.8,2509.4,2471,2479.4
2013/9/17,2475,2479.4,2431.2,2440.4
2013/9/18,2443.8,2448.2,2413.8,2437.2
2013/9/23,2438,2483.8,2428,2468.8
2013/9/24,2470.4,2474,2421.2,2448.4
2013/9/25,2450,2461.2,2428.4,2434.8
2013/9/26,2433,2434.2,2383.4,2391
2013/9/27,2385.2,2403,2380.8,2398.4
2013/9/30,2396,2424.6,2395,2409.6
2013/10/8,2401.2,2449,2390.4,2440
2013/10/9,2435,2457.8,2426.6,2457
2013/10/10,2460,2462,2417,2429
2013/10/11,2449,2473.4,2436.2,2466
2013/10/14,2466.4,2478.2,2460.4,2468.8
2013/10/15,2475,2479.2,2443,2461.4
2013/10/16,2458,2459,2410.2,2426.4
2013/10/17,2436.2,2439.6,2408.2,2411
2013/10/18,2406,2433,2401.2,2415
2013/10/21,2421,2474.6,2414,2466.4
2013/10/22,2470,2471.4,2433.8,2446
2013/10/23,2448.2,2475.6,2409.2,2418.8
2013/10/24,2412.8,2424.8,2395.4,2405.4
2013/10/25,2405.4,2412.6,2347.2,2360.6
2013/10/28,2364.4,2374,2348.6,2363.6
2013/10/29,2367,2405.8,2328.8,2368.2
2013/10/30,2374.8,2400.8,2361.4,2391.8
2013/10/31,2391,2391,2365.2,2381
2013/11/1,2378.2,2398.4,2366.2,2391.4
2013/11/4,2393,2409.8,2374.6,2384
2013/11/5,2383,2389.6,2343.8,2381.4
2013/11/6,2383.8,2384.6,2347.8,2350.8
2013/11/7,2353,2359.2,2332.6,2349.4
2013/11/8,2341,2348.8,2307.4,2311.2
2013/11/11,2312.6,2325.6,2295.4,2319.2
2013/11/12,2324.8,2346,2317.4,2332.6
2013/11/13,2328.2,2329.4,2291.8,2294.4
2013/11/14,2289,2304.6,2281.6,2296.6
2013/11/15,2300.2,2381.6,2300.2,2344.4
2013/11/18,2368,2422.6,2356.8,2415.6
2013/11/19,2418.4,2421,2403.2,2415.2
2013/11/20,2418,2441.8,2404.4,2430.2
2013/11/21,2423.8,2424.8,2386.2,2414.6
2013/11/22,2425,2433.6,2396.8,2407.2
2013/11/25,2400,2426.2,2381.2,2390.2
2013/11/26,2388,2405,2382.4,2391
2013/11/27,2385.2,2436.2,2383,2422.4
2013/11/28,2426,2477,2425,2448.6
2013/11/29,2452,2459,2443.4,2457
2013/12/2,2440,2477.8,2411.6,2433.4
2013/12/3,2427.8,2463.8,2423.2,2451.6
2013/12/4,2448.8,2500.8,2446.4,2482.2
2013/12/5,2485.6,2489.2,2472.2,2483.8
2013/12/6,2482.2,2482.8,2457.2,2467
2013/12/9,2476.8,2489,2458.8,2461.4
2013/12/10,2462.2,2479,2457,2462
2013/12/11,2458.8,2459,2407.4,2421
2013/12/12,2420,2429.8,2412.4,2412.6
2013/12/13,2401.2,2428.6,2385.6,2414.2
2013/12/16,2410.6,2426,2364.2,2365.6
2013/12/17,2375.8,2376,2355.2,2357.8
2013/12/18,2355,2371.8,2355,2368.2
2013/12/19,2382.4,2384.8,2345.4,2349
2013/12/20,2350,2358,2294.4,2300.6
2013/12/23,2304,2314,2273.6,2306
2013/12/24,2308.6,2334.8,2281.8,2305.4
2013/12/25,2310,2327.8,2299.4,2319
2013/12/26,2320,2324.2,2279,2294
2013/12/27,2295,2346,2288,2326.8
2013/12/30,2341.4,2344,2315.2,2324.2
2013/12/31,2319.6,2355.6,2305,2345
2014/1/2,2340,2344.8,2325,2331.8
2014/1/3,2316,2327.8,2286,2302.4
2014/1/6,2294,2297,2230.8,2240.8
2014/1/7,2234,2253,2216.4,2238.4
2014/1/8,2243.6,2269.2,2229,2241.2
2014/1/9,2240,2265,2220.4,2223.6
2014/1/10,2224,2231.4,2206.6,2218
2014/1/13,2223.8,2228.8,2190.2,2204.4
2014/1/14,2197,2224.8,2186.2,2217.6
2014/1/15,2220.2,2221.8,2196,2211.6
2014/1/16,2217.6,2232.6,2203.4,2211.2
2014/1/17,2210,2218.6,2187.4,2199.2
2014/1/20,2199.6,2200,2172.8,2184.6
2014/1/21,2184,2217.2,2182.4,2206.4
2014/1/22,2206,2256.4,2205.2,2254.6
2014/1/23,2255,2256,2236,2244.2
2014/1/24,2236.6,2271.4,2230.2,2251.8
2014/1/27,2235,2242,2216.2,2227
2014/1/28,2225.8,2248,2217.6,2230.8
2014/1/29,2238,2247,2232,2240
2014/1/30,2233,2236.6,2196.2,2199.2
2014/2/7,2195,2216.4,2178.2,2214.6
2014/2/10,2221.6,2270,2221.2,2260.4
2014/2/11,2262,2289.2,2258.4,2277.4
2014/2/12,2285,2290.6,2275.2,2284
2014/2/13,2284,2291,2271.2,2273.4
2014/2/14,2276.6,2290.4,2273.2,2288.4
2014/2/17,2297,2320,2292.6,2305.4
2014/2/18,2314.6,2314.8,2278,2285
2014/2/19,2284.2,2317.6,2279.8,2308.8
2014/2/20,2310.2,2330.6,2280.4,2282.8
2014/2/21,2286.4,2291.4,2256.2,2266.2
2014/2/24,2257.4,2258,2186,2206.2
2014/2/25,2215,2218.6,2144,2145.6
2014/2/26,2140.6,2157.8,2131.8,2149
2014/2/27,2154,2169.6,2140.4,2148.2
2014/2/28,2155,2176.8,2119.6,2174
2014/3/3,2165.6,2185.8,2151.6,2163.8
2014/3/4,2160.4,2172.2,2140.4,2169.8
2014/3/5,2177.6,2182.8,2145.4,2149.6
2014/3/6,2143,2173.8,2117.2,2167.4
2014/3/7,2165.8,2177.6,2141,2141.2
2014/3/10,2121.2,2128.8,2060,2062.8
2014/3/11,2067,2103.8,2061,2088.6
2014/3/12,2073.8,2098.6,2063.6,2085.8
2014/3/13,2091.8,2121.6,2087.8,2105.4
2014/3/14,2097.8,2106.6,2085.8,2100
2014/3/17,2095,2160.4,2095,2137.4
2014/3/18,2142,2144,2113,2114.4
2014/3/19,2118,2123.8,2088.8,2123.2
2014/3/20,2103.4,2125,2046.6,2055.4
2014/3/21,2054.8,2168.4,2048.2,2153.8
2014/3/24,2151,2163.4,2132.2,2150.8
2014/3/25,2155,2176.6,2142.2,2152.6
2014/3/26,2161.8,2166,2143.6,2153
2014/3/27,2146.8,2181,2124.6,2134.8
2014/3/28,2142.2,2165.8,2137.6,2145
2014/3/31,2150,2168,2128.2,2143.4
2014/4/1,2148.4,2176,2139,2158.4
2014/4/2,2160.6,2178,2157.4,2175
2014/4/3,2180.2,2195,2157.8,2159.6
2014/4/4,2156.6,2190,2150.8,2188
2014/4/8,2179.8,2249.8,2178.2,2247.2
2014/4/9,2249.8,2258.6,2235.8,2236.2
2014/4/10,2244,2297.8,2233.2,2285
2014/4/11,2278,2284.8,2261.6,2272
2014/4/14,2272,2282.4,2260.6,2272.4
2014/4/15,2276,2278.6,2226,2236.8
2014/4/16,2233.6,2252,2222.4,2233
2014/4/17,2243,2246.6,2223.4,2229
2014/4/18,2215,2235.2,2192.4,2225.8
2014/4/21,2213,2238.8,2174.4,2179.8
2014/4/22,2174.2,2198,2163.4,2188.6
2014/4/23,2191.4,2196.8,2175.4,2185
2014/4/24,2186,2205,2173.6,2183.2
2014/4/25,2184.2,2196,2165.6,2172.4
2014/4/28,2158.6,2174,2139.2,2143.6
2014/4/29,2142.8,2168.8,2140.6,2160.8
2014/4/30,2157,2161.8,2146,2147
2014/5/5,2149.8,2167,2123,2156.6
2014/5/6,2157,2177.6,2142,2144.8
2014/5/7,2142,2151.8,2133.6,2136
2014/5/8,2135,2174,2131.8,2137.4
2014/5/9,2135,2144.4,2123.4,2138
2014/5/12,2155,2186,2140.2,2178.8
2014/5/13,2180,2180.6,2162,2166.6
2014/5/14,2159.2,2171,2150,2155.8
2014/5/15,2153.6,2157.4,2132.2,2136.6
2014/5/16,2132,2144,2124,2130.4
2014/5/19,2126.2,2130.6,2089,2099.6
2014/5/20,2117,2120,2096.4,2099.4
2014/5/21,2096,2128,2082,2119.2
2014/5/22,2124.8,2155,2113.2,2114.2
2014/5/23,2115.8,2143.6,2115.6,2143.2
2014/5/26,2147.4,2163.8,2135.6,2148.2
2014/5/27,2149.2,2154.8,2137.6,2142.2
2014/5/28,2142,2174.4,2123,2173.8
2014/5/29,2175.4,2178.6,2149.2,2153.4
2014/5/30,2152.8,2165.8,2142.6,2147.8
2014/6/3,2158,2162.4,2138.2,2139.2
2014/6/4,2139.2,2142.6,2112.2,2125.2
2014/6/5,2125,2155.4,2120.6,2149.6
2014/6/6,2152.6,2153.6,2112.8,2125.6
2014/6/9,2126,2153.8,2115.4,2128.2
2014/6/10,2130,2159.8,2125.4,2157.6
2014/6/11,2156.6,2157.4,2144.2,2151.2
2014/6/12,2148.6,2158.6,2145.2,2150.4
2014/6/13,2148,2187,2128.2,2177.2
2014/6/16,2181,2200,2173.6,2186.6
2014/6/17,2188.2,2188.4,2170.6,2173
2014/6/18,2167,2176.4,2157.8,2159.6
2014/6/19,2162.2,2165,2117.6,2130.6
2014/6/20,2131.2,2139.8,2123.6,2132.8
2014/6/23,2135.2,2148.8,2122,2123.2
2014/6/24,2120,2139.6,2120,2132.2
2014/6/25,2130.8,2133.8,2115,2126
2014/6/26,2128,2146.6,2127.8,2135.6
2014/6/27,2135.8,2155.6,2128,2142.4
2014/6/30,2144,2166,2143.8,2154.2
2014/7/1,2157.8,2170,2145.8,2156.2
2014/7/2,2158,2165.2,2143,2163.2
2014/7/3,2166.4,2179.4,2157.6,2167.4
2014/7/4,2170.4,2173,2160.8,2166.6
2014/7/7,2167,2174.4,2158,2163.2
2014/7/8,2163,2168.8,2151,2167
2014/7/9,2165.6,2167.8,2131.6,2132.2
2014/7/10,2133.8,2141,2129,2133.2
2014/7/11,2131.6,2151,2131.6,2138
2014/7/14,2141,2166,2138.4,2162.4
2014/7/15,2165,2169,2158,2163
2014/7/16,2164,2174.8,2161.6,2163.4
2014/7/17,2163,2165,2143.4,2155.8
2014/7/18,2146,2172.8,2145.2,2158.8
2014/7/21,2160.2,2165.8,2150.4,2157.4
2014/7/22,2157,2196.6,2151,2186.4
2014/7/23,2188.4,2207.4,2182,2190.6
2014/7/24,2190.8,2242.8,2190,2240.4
2014/7/25,2243.8,2279.6,2238.8,2274.6
2014/7/28,2276,2357.6,2275,2336.4
2014/7/29,2340.4,2359.6,2329.2,2335.4
2014/7/30,2333,2348.4,2325,2328.8
2014/7/31,2330,2371.2,2323,2370.8
2014/8/1,2365,2391.8,2333.2,2342.6
2014/8/4,2343.2,2392.4,2343.2,2386.4
2014/8/5,2388.2,2394.2,2360.6,2368
2014/8/6,2363.6,2377.2,2337.4,2362
2014/8/7,2366.4,2376.2,2330.8,2334.4
2014/8/8,2334.4,2349.8,2326,2338.6
2014/8/11,2346,2376.4,2342,2360
2014/8/12,2362,2366.8,2345,2365.8
2014/8/13,2374.6,2380,2341.8,2368.4
2014/8/14,2371.2,2378,2340.6,2345.2
2014/8/15,2350.6,2385.6,2345.6,2378
2014/8/18,2378,2394,2367.4,2376.2
2014/8/19,2379.8,2384.2,2357,2374.4
2014/8/20,2374,2378.6,2361,2364.4
2014/8/21,2367,2369.4,2336.2,2354.8
2014/8/22,2356.2,2374.4,2351.6,2372.2
2014/8/25,2373.6,2377.2,2341.8,2348
2014/8/26,2347.8,2355.6,2327.8,2337.6
2014/8/27,2338.6,2347.6,2333.4,2336
2014/8/28,2336.6,2343.8,2321.6,2330.6
2014/8/29,2327.8,2352.8,2327.6,2351.6
2014/9/1,2353,2359,2341.8,2349.6
2014/9/2,2352,2395.6,2347.4,2389.4
2014/9/3,2393.6,2424.8,2391,2411.6
2014/9/4,2413.8,2446,2411.2,2445.6
2014/9/5,2450,2475.4,2443.2,2470.2
2014/9/9,2471,2473,2449,2457.6
2014/9/10,2451,2453.2,2427.4,2441.4
2014/9/11,2441.2,2478.6,2417.6,2418
2014/9/12,2419,2445.8,2415.8,2439.2
2014/9/15,2430,2442,2421,2433
2014/9/16,2434.6,2452,2386.2,2394.2
2014/9/17,2404.6,2408.8,2386.6,2402
2014/9/18,2407,2424.6,2398.2,2414
2014/9/19,2417.2,2446.8,2411.2,2441.4
2014/9/22,2438.2,2438.6,2375.6,2389.2
2014/9/23,2387.6,2416.8,2387,2403.8
2014/9/24,2402.8,2469.8,2393,2468.4
2014/9/25,2476,2495.8,2445,2454.6
2014/9/26,2446.6,2464.6,2435.2,2450.8
2014/9/29,2450,2462.4,2440.2,2455.2
2014/9/30,2460.2,2466.8,2445.2,2453.2
2014/10/8,2468,2486,2446.8,2483.6
2014/10/9,2487,2494.8,2467.2,2475
2014/10/10,2468.2,2483,2457,2469.8
2014/10/13,2465.2,2467,2425,2454.4
2014/10/14,2449.6,2462.4,2423.2,2438.6
2014/10/15,2440,2465.8,2425.4,2455
2014/10/16,2445,2475.8,2438.4,2446.6
2014/10/17,2452.8,2462,2425.4,2444.4
2014/10/20,2454.8,2459.6,2442.2,2453.8
2014/10/21,2453.6,2463.8,2436.2,2439.4
2014/10/22,2442.8,2453.2,2426.2,2428.6
2014/10/23,2426.6,2436.6,2402.6,2405.6
2014/10/24,2408,2413.6,2396,2396.6
2014/10/27,2391,2391.8,2368.2,2381
2014/10/28,2383,2428.4,2383,2425.8
2014/10/29,2429.4,2471.6,2423.8,2457.6
2014/10/30,2460,2473.6,2452.2,2469.6
2014/10/31,2474,2525,2471,2523.2
2014/11/3,2524.8,2529.6,2508.2,2511.2
2014/11/4,2510.2,2518,2504.8,2511
2014/11/5,2512.2,2524.6,2500.2,2515.2
2014/11/6,2518,2521,2488.6,2517.2
2014/11/7,2520,2549.8,2486.6,2496.4
2014/11/10,2520.6,2568.8,2508.2,2564.8
2014/11/11,2566.8,2591.6,2532,2549.4
2014/11/12,2551,2590.8,2543.6,2584.2
2014/11/13,2584,2588.8,2561,2570.8
2014/11/14,2568.8,2578.2,2548.8,2578.2
2014/11/17,2601.2,2613.4,2559.6,2567
2014/11/18,2572,2576.8,2542.2,2550.2
2014/11/19,2551,2558,2537.4,2541.4
2014/11/20,2535.4,2553.8,2526.2,2553.2
2014/11/21,2552,2604.6,2538.4,2602.8
2014/11/24,2621,2697.4,2616.6,2674.4
2014/11/25,2680,2727.4,2670,2724.4
2014/11/26,2724.6,2750.6,2713.4,2745.6
2014/11/27,2747.4,2767.4,2728,2754.8
2014/11/28,2754,2826,2741.8,2826
2014/12/1,2820,2843.2,2797,2809.2
2014/12/2,2807.4,2988,2805.6,2936
2014/12/3,2946,3062,2942,2996.2
2014/12/4,3002.2,3198.6,3002,3195.8
2014/12/5,3210,3259.2,3107,3183
2014/12/8,3173,3351.4,3134,3327.2
2014/12/9,3308.4,3471,3005,3143
2014/12/10,3159.8,3305.4,3124,3229.6
2014/12/11,3209,3279.8,3172.2,3207.8
2014/12/12,3213.8,3298,3190.2,3215.8
2014/12/15,3198.8,3277.8,3171.2,3244
2014/12/16,3236.2,3332.8,3235,3322.8
2014/12/17,3398,3481,3373.2,3480.6
2014/12/18,3499,3535,3448.2,3490.6
2014/12/19,3502,3521.8,3380.2,3503
2014/12/22,3506,3512.4,3396,3399.4
2014/12/23,3405,3464.6,3311.6,3313
2014/12/24,3308,3347.6,3195.6,3259
2014/12/25,3275,3383.4,3254.8,3381
2014/12/26,3380.4,3518.4,3353.8,3483
2014/12/29,3520.4,3593.8,3410.8,3474.6
2014/12/30,3475,3531,3441,3482.6
2014/12/31,3488,3596.4,3477,3593.2
2015/1/5,3619,3768.8,3585.2,3671.4
2015/1/6,3664,3707.8,3610,3656.8
2015/1/7,3655.8,3684.2,3615.4,3663.2
2015/1/8,3676.6,3679.6,3553,3562
2015/1/9,3570,3718,3511,3528
2015/1/12,3567,3575,3463.6,3537.6
2015/1/13,3535.8,3568.8,3501.2,3529.6
2015/1/14,3536,3563.4,3471.6,3504.2
2015/1/15,3548.6,3686.4,3534.2,3683.6
2015/1/16,3686.8,3714,3661.8,3667.2
2015/1/19,3519.8,3519.8,3316.2,3316.2
2015/1/20,3303,3448.8,3300,3394.4
2015/1/21,3405,3581.8,3405,3546
2015/1/22,3555,3595,3524.2,3561.2
2015/1/23,3579.6,3649,3551.6,3597
2015/1/26,3605,3635.2,3571.4,3626.8
2015/1/27,3639.4,3643,3508.2,3574.6
2015/1/28,3567.2,3603.6,3511,3523.6
2015/1/29,3478,3516.6,3450.8,3493.6
2015/1/30,3506.4,3532.8,3420,3429.2
2015/2/2,3357,3427,3353,3397
2015/2/3,3400,3467.2,3380.6,3455.4
2015/2/4,3472,3508.6,3383,3392
2015/2/5,3499.8,3537,3345.6,3355.2
2015/2/6,3361.4,3390.4,3287.2,3344.6
2015/2/9,3329.2,3400.2,3315.6,3376.2
2015/2/10,3375.6,3440.4,3354,3437.4
2015/2/11,3443.6,3469.6,3433,3447
2015/2/12,3493,3505.2,3453,3490
2015/2/13,3499.6,3569,3480.4,3500
2015/2/16,3508.2,3550,3501,3544.8
2015/2/17,3546.6,3583.4,3542.2,3558
2015/2/25,3564,3568.8,3469,3487.8
2015/2/26,3488,3616.8,3473.6,3612.6
2015/2/27,3614.8,3624,3572,3587.2
2015/3/2,3630,3636,3578,3606.2
2015/3/3,3600.6,3601,3507.6,3539.6
2015/3/4,3532.4,3562.8,3502.8,3533.2
2015/3/5,3530,3533.6,3473.2,3506.6
2015/3/6,3508.6,3529.2,3480.6,3490.2
2015/3/9,3471.2,3575,3420.4,3564.4
2015/3/10,3571.2,3571.8,3521.2,3527.8
2015/3/11,3518,3598.6,3512,3542.2
2015/3/12,3558.8,3629.4,3555,3592
2015/3/13,3610,3651.8,3597.4,3622.8
2015/3/16,3618,3718,3617.4,3713.8
2015/3/17,3725,3766.8,3719.4,3765
2015/3/18,3768.8,3860.8,3760.8,3813
2015/3/19,3868,3876,3837.6,3854.8
2015/3/20,3869.8,3933,3842.2,3919
2015/3/23,3950,4003,3945.2,3994.2
2015/3/24,4002,4008.2,3921,3963.6
2015/3/25,3966.8,3987.4,3915.4,3951.8
2015/3/26,3941.2,3993.8,3891.2,3934
2015/3/27,3935.4,3991.8,3924,3985.6
2015/3/30,3992.6,4146.8,3991.8,4140.6
2015/3/31,4175,4199,4001,4035.8
2015/4/1,4043,4172,4042,4122.8
2015/4/2,4153.8,4175,4051.4,4106.2
2015/4/3,4099.6,4214.8,4082,4206
2015/4/7,4236,4255.2,4181.8,4239.8
2015/4/8,4245.2,4286.8,4193,4247.6
2015/4/9,4250,4279,4181,4226.2
2015/4/10,4230.2,4382.6,4216,4377
2015/4/13,4399.8,4443.6,4361.2,4421
2015/4/14,4414.2,4479.6,4377.6,4416.6
2015/4/15,4421.6,4469.2,4368,4382.4
2015/4/16,4389.6,4540.2,4371.4,4521.2
2015/4/17,4568.8,4665,4557,4604.4
2015/4/20,4588.4,4683,4487.4,4516.4
2015/4/21,4550,4630.6,4528,4618.8
2015/4/22,4631,4764,4631,4761
2015/4/23,4762.4,4787.8,4691.2,4716
2015/4/24,4692.2,4733,4612,4722
2015/4/27,4742,4824.6,4737,4804
2015/4/28,4791.2,4811,4660,4721
2015/4/29,4701.8,4806.2,4700.4,4771
2015/4/30,4777.8,4826.8,4733.6,4767.8
2015/5/4,4790,4806.2,4712.8,4757.6
2015/5/5,4768.6,4771.6,4566,4618
2015/5/6,4628,4712,4532,4582
2015/5/7,4575,4589.4,4495.6,4503.2
2015/5/8,4525,4573,4451.2,4541.4
2015/5/11,4567,4672.8,4530.4,4658
2015/5/12,4660.4,4724.6,4635,4704
2015/5/13,4705,4715,4624,4653.2
2015/5/14,4662.4,4694.6,4636.4,4664
2015/5/15,4675.6,4677.8,4515.4,4563
2015/5/18,4583.8,4599.8,4531.8,4536.8
2015/5/19,4547.8,4780.4,4543,4774
2015/5/20,4780,4907,4739,4775
2015/5/21,4785,4904.8,4778.6,4891.8
2015/5/22,4908,5027.2,4893,5022.8
2015/5/25,4993.2,5190,4985,5156.4
2015/5/26,5170.2,5287.4,5150,5274.2
2015/5/27,5304,5370,5205.4,5290
2015/5/28,5309,5328,4851.2,4943.2
2015/5/29,4969.6,5025,4800.2,4897
2015/6/1,4907,5260,4882.6,5249
2015/6/2,5251.6,5331.4,5125,5264.2
2015/6/3,5281.4,5307,5132.2,5182.6
2015/6/4,5190,5274.6,4687.8,5250.4
2015/6/5,5257,5323,5080,5230.4
2015/6/8,5230,5400,5149.8,5335.4
2015/6/9,5343,5365,5186,5250.4
2015/6/10,5200,5394.4,5184.8,5252.8
2015/6/11,5282,5332.2,5221.6,5299.6
2015/6/12,5305,5377.8,5263,5361.6
2015/6/15,5349.8,5387,5153.2,5199.8
2015/6/16,5190,5197.8,5001.2,5069.2
2015/6/17,5092,5163.8,4961.2,5113.8
2015/6/18,5109,5127,4920,4940
2015/6/19,4934,4945,4514,4598
2015/6/23,4597,4812,4461,4730.8
2015/6/24,4750,4870.6,4703.2,4858.2
2015/6/25,4874,4908.6,4570,4587.2
2015/6/26,4585,4620,4212.4,4212.4
2015/6/29,4335.2,4408.8,3821,4014.2
2015/6/30,4067.8,4448.6,3977.2,4381.4
2015/7/1,4388,4483,4012,4059
2015/7/2,4170.2,4316.4,3933,4130
2015/7/3,4123.6,4205,3787.2,3931.8
2015/7/6,4299.8,4347.6,3811,4040.6
2015/7/7,4021.8,4024.4,3650,3696.8
2015/7/8,3589,3750,3463.4,3463.4
2015/7/9,3363,3810,3363,3810
2015/7/10,3818,4191,3780.8,4166.6
2015/7/13,4120,4269.8,4071.2,4085.4
2015/7/14,4100,4135,3928.8,4001.6
2015/7/15,4015.8,4022.2,3786.4,3858.4
2015/7/16,3840,4068.8,3782,4008
2015/7/17,3890,4182,3865.6,4090.4
2015/7/20,4102.2,4116.6,3865.6,3950
2015/7/21,3940,4049.6,3867.2,3969
2015/7/22,3959,3992.6,3860,3945.2
2015/7/23,3942,4218,3933,4183.8
2015/7/24,4195,4203.6,3976.4,4012.2
2015/7/27,4005,4014,3647.8,3647.8
2015/7/28,3611,3749.8,3557.8,3654
2015/7/29,3683,3828,3602,3821.4
2015/7/30,3819,3822.8,3580,3653.8
2015/7/31,3650,3782,3611.2,3693.4
2015/8/3,3670,3674,3568.6,3638.2
2015/8/4,3640.4,3874,3638.2,3837.6
2015/8/5,3838.8,3846.8,3727.4,3762.6
2015/8/6,3731.2,3849.8,3693,3766.8
2015/8/7,3765.2,3928,3765.2,3854.6
2015/8/10,3867,4089.6,3866,4032.8
2015/8/11,4046.6,4056.2,3983,4001.2
2015/8/12,3982.8,4049,3952.8,3966.8
2015/8/13,3975.2,4028,3920,4015.6
2015/8/14,4021.2,4064.4,3980,4008.6
2015/8/17,4002,4016.4,3911.6,4003.8
2015/8/18,4015.4,4048,3633.2,3755
2015/8/19,3603,3739.4,3525,3683.2
2015/8/20,3675,3704.6,3563,3601
2015/8/21,3580.2,3617.8,3408.8,3469.2
2015/8/24,3391.2,3398,3132.2,3132.2
2015/8/25,3050,3106.6,2821.6,2821.6
2015/8/26,2852,3024,2686,2749.6
2015/8/27,2830,3050.2,2819.6,3030.8
2015/8/28,3085.4,3228.6,3013.6,3188.4
2015/8/31,3170,3170,2983,3070.2
2015/9/1,3080,3140,2886.8,2999
2015/9/2,2939.8,3200,2910,2965.8
2015/9/7,3099.8,3329,3050,3096.2
2015/9/8,3120,3339,3075,3338
2015/9/9,3364,3388.8,3292.8,3328.2
2015/9/10,3308.4,3336.8,3268,3296.6
2015/9/11,3310,3354.6,3278,3311.4
2015/9/14,3350,3360,3101,3130.6
2015/9/15,3131.6,3209.6,3103.2,3142.2
2015/9/16,3161.8,3346,3110.8,3304.8
2015/9/17,3304.6,3347,3228.4,3240.6
2015/9/18,3143.8,3170.2,3098,3139
2015/9/21,3107.4,3234.8,3100,3232.2
2015/9/22,3240.2,3266.8,3210.2,3232.8
2015/9/23,3218.8,3220,3136,3161
2015/9/24,3168,3222,3157.2,3187
2015/9/25,3195.8,3196.8,3070,3118
2015/9/28,3106,3168.6,3091,3150
2015/9/29,3108.2,3120,3048.8,3082.8
2015/9/30,3103.4,3151,3093.6,3121.4
2015/10/8,3251.2,3301,3212,3214.8
2015/10/9,3241.4,3319.6,3232.4,3310
2015/10/12,3340.2,3476.8,3321,3421
2015/10/13,3420,3428.4,3396,3414.8
2015/10/14,3400,3433.8,3359,3377
2015/10/15,3387.6,3493.8,3383.2,3493.8
2015/10/16,3433,3464.2,3393,3436.6
2015/10/19,3439.6,3446.6,3341,3381.4
2015/10/20,3395,3470,3374,3466.6
2015/10/21,3450,3465.2,3317.8,3342.8
2015/10/22,3356.8,3436.6,3352,3405
2015/10/23,3428,3478,3386,3476.8
2015/10/26,3496,3503.4,3438,3470.2
2015/10/27,3460,3498.8,3382.2,3478.6
2015/10/28,3476.8,3482.2,3400,3413
2015/10/29,3423,3466.2,3391.4,3440
2015/10/30,3439.8,3480.8,3392.6,3439.2
2015/11/2,3390,3459,3362.4,3403
2015/11/3,3415.2,3424,3370,3376.6
2015/11/4,3391.2,3601.2,3388.8,3591.2
2015/11/5,3580,3697.4,3562,3638.4
2015/11/6,3641,3765.2,3637.6,3753
2015/11/9,3743,3833,3733,3775.4
2015/11/10,3759.4,3809,3745,3776
2015/11/11,3769,3807.6,3737.4,3806
2015/11/12,3799.6,3815.2,3711.8,3756.8
2015/11/13,3730,3758,3692.2,3722.2
2015/11/16,3582,3658,3572.2,3650
2015/11/17,3660,3746.6,3603,3605.6
2015/11/18,3621.2,3661.8,3590.8,3596.2
2015/11/19,3617,3690.8,3605,3688.8
2015/11/20,3687.8,3694.8,3635.2,3644.8
2015/11/23,3640,3694.4,3611,3619.2
2015/11/24,3622.2,3655.6,3576.4,3655.6
2015/11/25,3652.8,3698.8,3628,3695
2015/11/26,3701.6,3730,3653,3662
2015/11/27,3663,3670,3440,3487.4
2015/11/30,3487.2,3523,3423.4,3485.8
2015/12/1,3500,3554.8,3470,3524.8
2015/12/2,3530.2,3693,3504.8,3692
2015/12/3,3674.4,3712.4,3650,3699.6
2015/12/4,3665,3679,3601,3638
2015/12/7,3650,3663.8,3605.8,3620
2015/12/8,3606,3609.6,3557.2,3579.2
2015/12/9,3571.6,3626.6,3570.6,3593.2
2015/12/10,3587.8,3659,3544,3567
2015/12/11,3581,3615.2,3540,3593
2015/12/14,3565.8,3715.8,3558,3711.8
2015/12/15,3712,3718,3666.2,3670.4
2015/12/16,3685.8,3715,3670.6,3675
2015/12/17,3686.4,3771.8,3686.4,3754.4
2015/12/18,3687,3726.2,3680.2,3704.8
2015/12/21,3694.4,3820,3692,3800.2
2015/12/22,3804.8,3827.8,3771.2,3819
2015/12/23,3817.8,3858.6,3790.2,3805
2015/12/24,3811,3814.6,3730.4,3775.2
2015/12/25,3782.2,3806.8,3760.2,3806.8
2015/12/28,3791.6,3798.4,3642.8,3647.6
2015/12/29,3661,3712,3653.2,3695.8
2015/12/30,3706.8,3718.6,3665,3696.8
2015/12/31,3698.8,3734,3651.6,3658.2
2016/1/4,3640,3657.4,3415.8,3425
2016/1/5,3425,3486.6,3341,3408.8
2016/1/6,3417.2,3501,3417.2,3465
2016/1/7,3430.2,3438.8,3238.6,3245.2
2016/1/8,3320.4,3401,3215.4,3309
2016/1/11,3250,3313.2,3151.6,3151.8
2016/1/12,3204.8,3236.6,3166.2,3196.6
2016/1/13,3236,3249.2,3113,3152.8
2016/1/14,3098.2,3215.2,3082,3204.6
2016/1/15,3109.8,3127.8,2985,3027.8
2016/1/18,3010,3097,3010,3042
2016/1/19,3048.2,3156,3040,3134
2016/1/20,3115.6,3142,3051.2,3074
2016/1/21,3085,3139,2998,3011
2016/1/22,3058.8,3070,2985.2,3042
2016/1/25,3058.2,3086.8,3029.2,3044.2
2016/1/26,3025.6,3041.6,2881,2899
2016/1/27,2921.2,2922.8,2808,2867.6
2016/1/28,2856,2900,2811.4,2816.8
2016/1/29,2827,2938,2827,2903.8
2016/2/1,2910,2925,2843,2883.8
2016/2/2,2890.2,2963,2881.4,2948.8
2016/2/3,2924.4,2944,2881.2,2939.4
2016/2/4,2955.6,2998,2943,2978.8
2016/2/5,2969.6,2975.2,2934,2937.2
2016/2/15,2885,2948.6,2880.2,2929.8
2016/2/16,2946,3031.6,2944.8,3016.6
2016/2/17,2960,2996.2,2955,2987.8
2016/2/18,3010,3029,2973.6,2981.8
2016/2/19,2976.6,3010.6,2966.8,2980.8
2016/2/22,3013,3066,3003,3042
2016/2/23,3037.2,3047,2988,3022.4
2016/2/24,3017,3045.8,2977,3039.8
2016/2/25,3039.8,3043.6,2822,2847
2016/2/26,2879,2905.2,2851,2880
2016/2/29,2868.2,2879,2753.2,2789
2016/3/1,2800,2898.6,2793.4,2864.2
2016/3/2,2883.6,3017.8,2880,3009
2016/3/3,3010,3034.8,2998.2,3008.6
2016/3/4,3006.6,3069,2982,3052.4
2016/3/7,3090.2,3135.6,3048,3083.8
2016/3/8,3072.2,3080,2970.2,3075.4
2016/3/9,3029.2,3042.2,2992,3016.6
2016/3/10,3020.6,3060,2982,2983
2016/3/11,2980.2,3012,2961,2986.6
2016/3/14,3020,3108.8,3019.8,3042
2016/3/15,3043,3060.6,3011.2,3046.6
2016/3/16,3070,3096.8,3043,3062
2016/3/17,3099,3160.6,3071,3123
2016/3/18,3094.2,3164.2,3080.2,3125
2016/3/21,3161,3245,3161,3210.2
2016/3/22,3195,3220,3187,3194.6
2016/3/23,3205,3226.8,3166,3196
2016/3/24,3170,3186,3130.2,3144.8
2016/3/25,3150,3178,3143.4,3162.8
2016/3/28,3175.2,3216.8,3120,3129.8
2016/3/29,3136.2,3149.6,3082,3104
2016/3/30,3142.8,3197.6,3131,3190
2016/3/31,3203.4,3208.6,3172.8,3191
2016/4/1,3185.2,3210,3123.6,3206.6
2016/4/5,3190.2,3286.6,3180.8,3236.2
2016/4/6,3227.8,3244.4,3222.2,3239.4
2016/4/7,3257.2,3262.4,3195,3202.8
2016/4/8,3192,3192.6,3145.6,3180
2016/4/11,3207,3255,3205,3213.8
2016/4/12,3210,3222,3190,3215.4
2016/4/13,3245,3306.6,3242.4,3251.6
2016/4/14,3271,3284.6,3252,3269.2
2016/4/15,3234.4,3243.4,3220.2,3237.6
2016/4/18,3219.8,3220.8,3171.4,3191.6
2016/4/19,3226.6,3229,3175.2,3192.6
2016/4/20,3206,3217,3072.2,3114.8
2016/4/21,3110,3169.4,3103.6,3115
2016/4/22,3102,3147,3098.4,3141.2
2016/4/25,3125,3134.4,3083,3127.6
2016/4/26,3130.2,3157.4,3105.2,3143
2016/4/27,3148.2,3153,3117,3125.8
2016/4/28,3140,3141,3097,3121.2
2016/4/29,3111,3145.4,3110.4,3128
2016/5/3,3131,3204.6,3110.8,3200
2016/5/4,3187,3198,3167.2,3188.2
2016/5/5,3182.8,3192.8,3169,3192.6
2016/5/6,3194.4,3194.4,3088.4,3088.4
2016/5/9,3054,3085,3022,3022
2016/5/10,3023,3063.8,3023,3035.2
2016/5/11,3055.4,3081.8,3038,3052.4
2016/5/12,3038,3079,3014.8,3066.6
2016/5/13,3056,3094.4,3051.8,3068
2016/5/16,3062.4,3087.8,3033,3082.4
2016/5/17,3082.4,3099,3061,3081.4
2016/5/18,3023,3034,2985,3019
2016/5/19,3020.2,3049,3011,3014.2
2016/5/20,3005,3045,3002,3034.2
2016/5/23,3036.6,3073,3034.6,3043
2016/5/24,3045,3047,3010,3028.6
2016/5/25,3053.6,3059,3015.2,3021.6
2016/5/26,3024,3047.8,2988,3026
2016/5/27,3027.8,3039.8,3014.2,3033.6
2016/5/30,3028,3053.6,2992.8,3036.6
2016/5/31,3046.2,3158.8,2732.4,3158.8
2016/6/1,3150.2,3161.4,3131.8,3131.8
2016/6/2,3132.2,3146,3125,3135.4
2016/6/3,3144.2,3183,3132.6,3177.4
2016/6/6,3182.4,3193.2,3150,3157.4
2016/6/7,3164,3169,3151.8,3160
2016/6/8,3158,3160,3131.2,3148
2016/6/13,3119,3131.8,3027,3028.8
2016/6/14,3038.2,3069.2,3034.2,3050.4
2016/6/15,3026.6,3127.2,3021,3100
2016/6/16,3049.8,3057.6,3020,3028.8
2016/6/17,3046.2,3079.2,3024,3036.4
2016/6/20,3055,3061.6,3015.8,3049.2
2016/6/21,3061,3109.6,3027.6,3037.8
2016/6/22,3030.4,3076,3030.2,3076
2016/6/23,3076,3081,3040,3061.6
2016/6/24,3057.2,3086.6,2971,3013.2
2016/6/27,3015.2,3079.4,3015.2,3078
2016/6/28,3070,3098.2,3048.8,3094
2016/6/29,3100,3120,3091,3111
2016/6/30,3110.8,3124.4,3107.2,3111.2
2016/7/1,3118.8,3133.8,3100,3101
2016/7/4,3095.6,3183,3095,3170
2016/7/5,3166.6,3184.8,3160.2,3172.8
2016/7/6,3165.6,3187,3148,3184.2
2016/7/7,3186.2,3192.8,3161.2,3185.6
2016/7/8,3177,3187.8,3163.6,3171.4
2016/7/11,3182,3227.8,3175,3176.6
2016/7/12,3185,3276.6,3182.2,3262.6
2016/7/13,3270.2,3299,3265.4,3272.4
2016/7/14,3244.2,3248,3224,3241
2016/7/15,3259.2,3259.2,3231,3243.2
2016/7/18,3243.2,3246.8,3218.2,3224.2
2016/7/19,3228,3237.8,3185,3206
2016/7/20,3212.6,3221.8,3195.6,3196
2016/7/21,3199.8,3242.2,3198.8,3220.2
2016/7/22,3213,3223,3188.6,3194.2
2016/7/25,3200,3219.8,3190.6,3198
2016/7/26,3199.4,3247,3196.8,3247
2016/7/27,3253.2,3255.8,3122,3163
2016/7/28,3164.2,3206.6,3162.6,3191
2016/7/29,3188.8,3201.6,3170.2,3181.8
2016/8/1,3174,3183.8,3136,3151.6
2016/8/2,3176,3176,3148.6,3164.8
2016/8/3,3158.8,3181,3154.6,3166
2016/8/4,3166.2,3178,3145,3177.2
2016/8/5,3181,3209.8,3166.2,3193
2016/8/8,3190,3224.4,3168.2,3223
2016/8/9,3221,3247,3215,3244
2016/8/10,3244.2,3252.2,3231,3234.2
2016/8/11,3231.6,3269.6,3226,3226.2
2016/8/12,3222,3293.6,3222,3288
2016/8/15,3300,3423.8,3292.8,3380
2016/8/16,3391.8,3414.8,3372,3373.4
2016/8/17,3363,3373.4,3335.4,3341.8
2016/8/18,3345.6,3369.8,3320,3336
2016/8/19,3341,3343,3312,3332.4
2016/8/22,3337.2,3353,3308,3317
2016/8/23,3316.4,3340.6,3295,3318
2016/8/24,3318.8,3327.4,3294.4,3302.2
2016/8/25,3282.4,3289.8,3249.8,3284.2
2016/8/26,3292,3312,3273.4,3278.4
2016/8/29,3280,3292.4,3268,3279.2
2016/8/30,3288.8,3307,3273,3293.2
2016/8/31,3293.2,3319,3281,3310.6
2016/9/1,3309,3309.6,3270,3271.8
2016/9/2,3275.8,3305,3270,3289
2016/9/5,3300.2,3328.8,3294.6,3299.4
2016/9/6,3299,3336,3272.8,3329
2016/9/7,3335,3343.6,3322.8,3330.2
2016/9/8,3329.8,3333,3318,3328.2
2016/9/9,3330,3333.6,3306,3309
2016/9/12,3261,3264.6,3225,3234.6
2016/9/13,3252,3256.6,3240.2,3245.6
2016/9/14,3194.2,3212.4,3185.6,3187.8
2016/9/19,3195,3223.6,3195,3214
2016/9/20,3215.4,3218,3205.2,3214.4
2016/9/21,3214,3237.8,3212,3236.6
2016/9/22,3245.6,3279.6,3243,3262.8
2016/9/23,3268.2,3271.4,3247.6,3248.4
2016/9/26,3241,3241,3203,3204.8
2016/9/27,3202,3229.8,3200.8,3224.8
2016/9/28,3223.6,3226,3213.2,3221.4
2016/9/29,3226.2,3252.4,3225.8,3241.8
2016/9/30,3231.6,3256.6,3231.6,3246
2016/10/10,3265,3298.8,3210.6,3289.2
2016/10/11,3289.6,3302.8,3285.4,3298
2016/10/12,3291,3294,3280.2,3289.8
2016/10/13,3289.2,3307,3280.2,3287.2
2016/10/14,3285.8,3303,3270.4,3301.8
2016/10/17,3302,3308.2,3263,3271
2016/10/18,3277.6,3322.2,3272.6,3317
2016/10/19,3326,3335,3308.8,3312.8
2016/10/20,3289.6,3296,3282,3289.6
2016/10/21,3282.8,3314.4,3274.2,3297.2
2016/10/24,3300,3367.8,3300,3344.2
2016/10/25,3347.2,3350,3335,3338.8
2016/10/26,3335.2,3346.6,3324.4,3329.8
2016/10/27,3330.4,3334,3312.2,3324.6
2016/10/28,3327.2,3354.8,3316,3324
2016/10/31,3318,3324,3290.2,3317.4
2016/11/1,3318.4,3345.8,3315,3341.2
2016/11/2,3332.4,3338,3313.4,3319.2
2016/11/3,3313,3374.8,3310.4,3351.8
2016/11/4,3357.8,3369.8,3335,3338.6
2016/11/7,3341.4,3356.8,3335.4,3343.4
2016/11/8,3352.6,3378.6,3348.6,3365.2
2016/11/9,3366,3368,3297.2,3348.2
2016/11/10,3381,3399.8,3372.6,3379.4
2016/11/11,3376.4,3422,3368.4,3416.8
2016/11/14,3406.8,3449.6,3400.2,3425.6
2016/11/15,3420.6,3430.8,3411.2,3423.2
2016/11/16,3409.2,3412.8,3394.2,3398.2
2016/11/17,3396,3407.6,3379.8,3405.8
2016/11/18,3411.2,3411.2,3384.2,3394.6
2016/11/21,3396.2,3444.6,3394.8,3415
2016/11/22,3420,3451,3419.2,3450.8
2016/11/23,3456.6,3469,3443,3458.6
2016/11/24,3456.8,3487.4,3447.8,3464.8
2016/11/25,3467,3517.4,3443.6,3517
2016/11/28,3520,3547.6,3518,3532.4
2016/11/29,3521,3581.4,3511.4,3561.6
2016/11/30,3557.2,3571,3527,3534.6
2016/12/1,3542.8,3583,3541.8,3568.4
2016/12/2,3566,3569.6,3516.8,3526
2016/12/5,3482.6,3503.4,3451,3453
2016/12/6,3458,3476.6,3448.4,3448.4
2016/12/7,3455,3464,3438,3459.4
2016/12/8,3468.4,3472,3455.4,3458.6
2016/12/9,3459.2,3497.8,3445.4,3479
2016/12/12,3482.8,3482.8,3385.2,3390.4
2016/12/13,3389.4,3407,3371,3391
2016/12/14,3389.8,3403.6,3370,3371.6
2016/12/15,3331.6,3354.4,3284.2,3299.6
2016/12/16,3306,3330.6,3303,3313.6
2016/12/19,3308,3313.6,3290.2,3299
2016/12/20,3300,3302.8,3251.8,3274
2016/12/21,3283,3319.2,3281.6,3310
2016/12/22,3307,3310,3285.2,3300
2016/12/23,3300.8,3302.8,3261.8,3277
2016/12/26,3266.2,3298.6,3233.8,3289.6
2016/12/27,3285.8,3305.8,3285.8,3290.4
2016/12/28,3289,3298.2,3267.2,3281.4
2016/12/29,3277,3303,3268.6,3283
2016/12/30,3289.2,3307.4,3282,3285
2017/1/3,3290,3346,3290,3326
2017/1/4,3320.6,3363,3320.6,3358.4
2017/1/5,3359.8,3365.8,3346.4,3350.8
2017/1/6,3353.2,3358.8,3335,3336.4
2017/1/9,3335,3360.8,3335,3352
2017/1/10,3350,3359.8,3341.4,3343.6
2017/1/11,3345.4,3360,3320.2,3323
2017/1/12,3323.4,3335.2,3297.4,3300
2017/1/13,3309,3334.6,3302.6,3309.2
2017/1/16,3309,3313.6,3191.4,3301.2
2017/1/17,3308.6,3326,3291.4,3315.4
2017/1/18,3315.2,3358.2,3310.2,3345
2017/1/19,3322,3337,3313.6,3322.2
2017/1/20,3320.2,3356.6,3320.2,3353
2017/1/23,3355.2,3379.2,3347.8,3352
2017/1/24,3358,3364.4,3342.6,3353.4
2017/1/25,3346,3370,3336,3369.2
2017/1/26,3370.4,3394.8,3370,3377.6
2017/2/3,3387,3387.6,3342.6,3357
2017/2/6,3358,3368.6,3343,3354
2017/2/7,3354.6,3360.6,3331.2,3349
2017/2/8,3344.8,3373.8,3328.8,3369.4
2017/2/9,3367,3400.8,3366.6,3380.6
2017/2/10,3386.4,3410.2,3382.6,3402
2017/2/13,3409.4,3426.2,3404.4,3419
2017/2/14,3404.2,3408.6,3395.6,3402.6
2017/2/15,3402.6,3418.8,3384.6,3390
2017/2/16,3393,3412.4,3392.8,3411.8
2017/2/17,3420,3439.6,3391,3392.4
2017/2/20,3401,3464.4,3400.2,3462.6
2017/2/21,3459.8,3475.8,3455.6,3459.2
2017/2/22,3461.8,3469.6,3453,3467
2017/2/23,3463.4,3468.8,3441,3453.6
2017/2/24,3450,3455.8,3438.2,3453
2017/2/27,3450,3453.2,3418.2,3426.6
2017/2/28,3431.6,3445.6,3421,3429.4
2017/3/1,3430,3461.6,3427.8,3435.2
2017/3/2,3444.4,3449.8,3412,3418
2017/3/3,3413,3415,3391,3405
2017/3/6,3405.2,3431,3402.8,3422
2017/3/7,3422.6,3432.6,3417.4,3432.6
2017/3/8,3430,3436.4,3421.4,3430.4
2017/3/9,3424.6,3425.6,3389.2,3403.8
2017/3/10,3403,3416.8,3402,3406.6
2017/3/13,3407.4,3454,3395.6,3452.8
2017/3/14,3452.6,3454.8,3440.6,3446
2017/3/15,3440,3458.6,3438.2,3451.4
2017/3/16,3434,3473,3434,3456.8
2017/3/17,3461,3467,3396.2,3407.2
2017/3/20,3423.2,3426.6,3405.8,3417.6
2017/3/21,3415.6,3435.6,3409,3435
2017/3/22,3415,3433.6,3399,3421.4
2017/3/23,3425.8,3450,3409,3433.8
2017/3/24,3438.4,3494.4,3438,3483.4
2017/3/27,3479.2,3489.6,3460.4,3461
2017/3/28,3472,3472.8,3450,3458
2017/3/29,3463.2,3471.8,3439.6,3456.6
2017/3/30,3451.2,3461.8,3422.2,3431.6
2017/3/31,3431,3452.8,3429.2,3450.4
2017/4/5,3485,3511.2,3471.8,3507.2
2017/4/6,3508,3509,3487,3504
2017/4/7,3501.8,3520.8,3494.2,3510.6
2017/4/10,3513,3513.8,3500.8,3501.6
2017/4/11,3550,3550,3460.2,3505
2017/4/12,3502,3512.4,3486.2,3496
2017/4/13,3495.6,3519,3491.4,3508.6
2017/4/14,3507.6,3511.8,3472.8,3477
2017/4/17,3471,3479.6,3455.2,3472.4
2017/4/18,3470.2,3485.8,3461.4,3462.6
2017/4/19,3459.2,3461.4,3426,3440
2017/4/20,3425,3449,3422,3441.6
2017/4/21,3445,3456,3432.4,3441.2
2017/4/24,3439,3441.8,3398.2,3408.2
2017/4/25,3413,3434,3412.4,3422.6
2017/4/26,3427.2,3448.8,3425.4,3427.8
2017/4/27,3421.6,3435.2,3391,3426.8
2017/4/28,3426,3430.8,3404.2,3420.4
2017/5/2,3413.8,3422,3404,3407.4
2017/5/3,3410,3419.6,3390.4,3396.8
2017/5/4,3391.2,3412.8,3382,3383.4
2017/5/5,3379.8,3384.8,3351.2,3360.4
2017/5/8,3361,3368,3331.2,3339.4
2017/5/9,3335,3351.8,3326,3342.2
2017/5/10,3346.8,3354.6,3323.2,3323.8
2017/5/11,3320,3352.6,3310,3341.4
2017/5/12,3341.6,3370.6,3338.4,3367.2
2017/5/15,3376.6,3399,3376.6,3386.6
2017/5/16,3383,3431.2,3370,3431
2017/5/17,3410,3411.4,3390.4,3391
2017/5/18,3377,3395,3370,3374.8
2017/5/19,3381.2,3388.4,3373.6,3381.8
2017/5/22,3380,3405.6,3371.2,3382.2
2017/5/23,3384.2,3421.6,3379.2,3402
2017/5/24,3399.2,3407.6,3374,3402
2017/5/25,3402.4,3493.6,3400.6,3486
2017/5/26,3485.8,3500,3470.2,3480.6
2017/5/31,3505.4,3516.8,3466.2,3482
2017/6/1,3479.4,3495,3474.2,3489
2017/6/2,3486,3494.8,3461,3480.8
2017/6/5,3482,3488.6,3456,3456.6
2017/6/6,3460,3485.6,3456.2,3484.6
2017/6/7,3484.4,3536,3481.6,3533
2017/6/8,3531,3566.2,3526.2,3559.8
2017/6/9,3563,3589.6,3558.4,3578.6
2017/6/12,3570.8,3598,3562,3568
2017/6/13,3565,3588,3554.6,3576.2
2017/6/14,3570,3573,3528.8,3532
2017/6/15,3501.8,3523.6,3485.6,3504.8
2017/6/16,3508.8,3518.8,3483.2,3488
2017/6/19,3499.8,3538,3494.6,3530
2017/6/20,3535,3545.6,3513.4,3521
2017/6/21,3540.4,3558.4,3512.2,3558.4
2017/6/22,3556.2,3606,3552,3560.8
2017/6/23,3564,3600.8,3542.6,3597.4
2017/6/26,3599.8,3650,3599.8,3647.2
2017/6/27,3645.2,3656,3627.4,3650.4
2017/6/28,3644.8,3648.4,3620,3627
2017/6/29,3638.2,3651.4,3627.2,3649
2017/6/30,3632,3655.4,3629,3642.6
2017/7/3,3647,3648.4,3612,3625.8
2017/7/4,3627,3627.2,3584.4,3587
2017/7/5,3592.2,3646.8,3590.8,3640.8
2017/7/6,3636.4,3645.4,3605.2,3633.2
2017/7/7,3627.2,3635.8,3613.2,3627.2
2017/7/10,3622,3649.6,3621.2,3634
2017/7/11,3631.8,3693,3631,3661.8
2017/7/12,3669.2,3678.2,3620.6,3638.8
2017/7/13,3648.6,3683,3642.6,3679.2
2017/7/14,3676,3700,3663.6,3698.8
2017/7/17,3700,3709.6,3630.2,3649.8
2017/7/18,3650.8,3665.2,3622.2,3650
2017/7/19,3643.6,3733.2,3643.6,3729.4
2017/7/20,3728.8,3747.8,3723.2,3747.2
2017/7/21,3731.4,3735,3709,3716
2017/7/24,3717.8,3747,3708,3733
2017/7/25,3731.4,3736.8,3697.8,3704.8
2017/7/26,3714.4,3720.4,3669.4,3684
2017/7/27,3687.6,3704.6,3658,3690.6
2017/7/28,3687,3712,3684,3708.4
2017/7/31,3712.2,3735,3696.6,3722.2
2017/8/1,3726.6,3752,3724.2,3748.8
2017/8/2,3748,3771,3744.6,3753.4
2017/8/3,3752,3758,3712.2,3715.8
2017/8/4,3719.6,3733.6,3691,3692
2017/8/7,3697.6,3725.4,3683.4,3715
2017/8/8,3717.2,3726.8,3705.4,3717.4
2017/8/9,3717.8,3728.8,3701.4,3715
2017/8/10,3713.8,3737.6,3661.2,3701
2017/8/11,3675,3691.4,3626,3627.8
2017/8/14,3640,3690.6,3637,3681.4
2017/8/15,3676.2,3695.2,3666.8,3680.6
2017/8/16,3678,3681.8,3654.2,3673.8
2017/8/17,3685,3704.8,3677.6,3703
2017/8/18,3694,3712.8,3681.4,3705
2017/8/21,3717,3736.4,3708.6,3721.2
2017/8/22,3725.2,3734.2,3711.2,3732.6
2017/8/23,3733,3758.8,3722.6,3741.6
2017/8/24,3740.2,3750.2,3716.2,3724
2017/8/25,3725,3803,3723.6,3794.8
2017/8/28,3804.6,3876.6,3804.6,3843.8
2017/8/29,3844,3852.8,3831.2,3837.8
2017/8/30,3843.6,3859.8,3832,3834.2
2017/8/31,3839,3844.8,3810.4,3829.6
2017/9/1,3835.2,3853,3824,3837.8
2017/9/4,3833,3848.8,3816,3842.6
2017/9/5,3847.2,3867,3841.2,3854.2
2017/9/6,3847,3862.4,3831,3846.6
2017/9/7,3853,3865,3828,3828.2
2017/9/8,3835.6,3847,3808,3820.8
2017/9/11,3833,3858.8,3819.4,3831.4
2017/9/12,3840.4,3857,3825.4,3844.2
2017/9/13,3846,3852,3828.4,3844.2
2017/9/14,3847.2,3858,3822.2,3830.4
2017/9/15,3817.8,3833,3809.8,3823
2017/9/18,3829.8,3871.8,3829,3854.8
2017/9/19,3858.2,3863.6,3812.6,3823.8
2017/9/20,3827.8,3853.4,3822,3845.4
2017/9/21,3844,3856.8,3832.6,3837.2
2017/9/22,3827.4,3838,3812,3829.4
2017/9/25,3827,3829.4,3800.8,3801.4
2017/9/26,3802.6,3819.8,3802.2,3813.8
2017/9/27,3816,3835,3814.8,3819.8
2017/9/28,3818,3831.8,3810.6,3831
2017/9/29,3835.4,3863.8,3833.6,3849.2
2017/10/9,3910,3933.8,3883,3888.8
2017/10/10,3890.8,3906,3868.8,3893
2017/10/11,3902.2,3910,3890.8,3902.2
2017/10/12,3902.2,3921.8,3897.4,3916
2017/10/13,3912,3934.8,3912,3933
2017/10/16,3940,3944,3915.2,3918
2017/10/17,3914,3927.6,3909.2,3911
2017/10/18,3919.2,3934,3916.2,3930.8
2017/10/19,3930.2,3938,3920.2,3922.6
2017/10/20,3913,3921.8,3907.4,3911.8
2017/10/23,3919,3923.6,3905.2,3922
2017/10/24,3916.2,3947,3915.2,3945.6
2017/10/25,3947,3970,3941.2,3967
2017/10/26,3969.2,4008.8,3960.6,3993.8
2017/10/27,3996.2,4021.8,3990.2,4021.8
2017/10/30,4027,4034.6,3956.8,3981.6
2017/10/31,3979.2,3997,3973.4,3993.8
2017/11/1,3998,4023,3978.4,3981.6
2017/11/2,3983,3988,3965.4,3987.4
2017/11/3,3985.4,3996,3943,3963.4
2017/11/6,3969,4012,3961,4008.4
2017/11/7,4008.4,4052.2,4006.2,4049
2017/11/8,4043.4,4088.6,4041,4046.6
2017/11/9,4041.6,4081.8,4041.6,4080.2
2017/11/10,4076.2,4120.8,4064.4,4115.6
2017/11/13,4123.2,4141.8,4118.4,4127.4
2017/11/14,4125.8,4129,4092.8,4098.8
2017/11/15,4089,4103,4062.2,4070.8
2017/11/16,4070.8,4111.4,4069,4107
2017/11/17,4109,4120.4,4086.2,4118.2
2017/11/20,4111.4,4147.6,4074.4,4146
2017/11/21,4142,4234.8,4137.6,4232.4
2017/11/22,4249.8,4271,4200,4235.6
2017/11/23,4232.6,4233,4081,4099
2017/11/24,4119,4127.6,4067.2,4099.2
2017/11/27,4095.4,4096,4020,4022
2017/11/28,4021.6,4054.8,4015,4041.2
2017/11/29,4053,4058,3981,4035.8
2017/11/30,4029.2,4045.2,3969.4,3982
2017/12/1,3990,4022.8,3973.8,3978.8
2017/12/4,3975,4022,3968.4,3999
2017/12/5,3991.6,4031.8,3990.2,4017.2
2017/12/6,4012,4016.8,3946,3988
2017/12/7,3985,4009.8,3939,3948.6
2017/12/8,3956,4008.8,3951,3998
2017/12/11,4008,4068,4001.6,4067.4
